Loop Gain dB20 (r_load=12000) X,Loop Gain dB20 (r_load=12000) Y
1,94.76848289096901
1.023059729842509,94.76820115972836
1.046651210825427,94.76790630474116
1.070786704986395,94.76759771596853
1.095478757122332,94.76727475460063
1.12074020130978,94.76693675259762
1.146584167575622,94.76658301027243
1.173024088721613,94.76621279644903
1.200073707306289,94.76582534560225
1.227747082787869,94.76541985656581
1.256058598831886,94.76499549159142
1.285022970787309,94.76455137380547
1.314655253335082,94.76408658606579
1.344970848313024,94.76360016868361
1.375985512721172,94.76309111801163
1.407715366911727,94.76255838288944
1.44017690296786,94.76200086516202
1.473386993275719,94.76141741530775
1.507362899294123,94.76080683070879
1.542122280526466,94.76016785329182
1.57768320369952,94.75949916800957
1.614064152153895,94.7587993975249
1.651284035451041,94.75806710315078
1.689362199201789,94.75730077824511
1.728318435121529,94.75649884806138
1.768172991317259,94.7556596656249
1.808946582811855,94.75478150773731
1.850660402311025,94.75386257310157
1.893336131218546,94.75290097719638
1.936995950905506,94.7518947496802
1.98166255423942,94.75084182995373
2.027359157379196,94.74974006381893
2.074109511842097,94.74858719802282
2.121937916848953,94.74738087751319
2.170869231954065,94.74611863946333
2.22092888996634,94.74479790920681
2.272142910168386,94.74341599529141
2.32453791184044,94.74197008443312
2.37814112809615,94.7404572354185
2.432980420037406,94.73887437430943
2.489084291235582,94.73721828847596
2.546481902546706,94.73548562055251
2.60520308726827,94.7336728613667
2.665278366645546,94.73177634487041
2.726738965735475,94.72979224061351
2.789616829636377,94.72771654548362
2.853944640091907,94.72554507899125
2.919755832477902,94.72327347335792
2.987084613180931,94.72089716603782
3.055965977377597,94.71841139314266
3.126435727223822,94.71581117917032
3.198530490463571,94.71309132820146
3.272287739466687,94.71024641618644
3.347745810705742,94.70727078040679
3.424943924682006,94.70415850944477
3.503922206310914,94.70090343463887
3.584721705777611,94.69749911761187
3.667384419873419,94.69393884125209
3.751953313824325,94.69021559660861
3.838472343622819,94.68632207410805
3.926986478874702,94.68225064923375
4.017541726172737,94.6779933717439
4.110185153009286,94.67354195241505
4.20496491224037,94.6688877507834
4.30193026711386,94.66402176130153
4.401131616874816,94.65893460008722
4.502620522961273,94.65361649154438
4.606449735804095,94.64805725286213
4.712673222244832,94.64224628082772
4.821346193585822,94.63617253613219
4.932525134287118,94.62982452893795
5.046267831325163,94.62319030275241
5.162633404228463,94.61625741899056
5.281682335805882,94.60901294264963
5.403476503583515,94.60144342362662
5.528079211966493,94.59353488288707
5.655555225142428,94.58527279541839
5.7859708007436,94.57664207308001
5.919393724285391,94.56762705052462
6.055893344398853,94.55821146645674
6.195540608875736,94.54837844928696
6.338408101544702,94.53811049962451
6.484570079997891,94.52738947587341
6.634102514187457,94.51619657853024
6.787083125912126,94.50451233384217
6.943591429214308,94.49231658124525
7.103708771708749,94.4795884576571
7.267518376864211,94.46630638554808
7.435105387260166,94.45244805934585
7.606556908840965,94.43799043450568
7.781962056190506,94.42290971753435
7.961411998850911,94.40718135540675
8.145000008709319,94.39078002872597
8.332821508477386,94.37367964520119
8.52497412128872,94.35585333473684
8.721557721440014,94.33727344577569
8.922674486302265,94.31791154570408
9.12842894942904,94.29773842103053
9.338928054889408,94.27672408141403
9.554281212853782,94.25483776571313
9.774600356461546,94.23204795087032
10.00000000000004,94.20832236428517
10.23059729842512,94.18362799698744
10.4665121082543,94.15793112458869
10.70786704986399,94.13119732649494
10.95478757122336,94.10339151288333
11.20740201309784,94.07447795337175
11.46584167575626,94.04442031103757
11.73024088721618,94.01318167877253
12.00073707306293,93.98072462220827
12.27747082787874,93.94701122541976
12.5605859883189,93.91200314240697
12.85022970787314,93.87566165135426
13.14655253335087,93.83794771595237
13.44970848313029,93.79882204947978
13.75985512721177,93.75824518437693
14.07715366911733,93.71617754638109
14.40176902967865,93.67257953309183
14.73386993275725,93.62741159683739
15.07362899294129,93.58063433134957
15.42122280526472,93.53220856483189
15.77683203699526,93.48209545185865
16.140641521539,93.43025657374484
16.51284035451047,93.37665403914507
16.89362199201796,93.32125058808955
17.28318435121535,93.26400969765267
17.68172991317265,93.20489568922788
18.08946582811861,93.14387383852846
18.50660402311032,93.08091048311825
18.93336131218553,93.01597313223743
19.36995950905513,92.94903057524206
19.81662554239427,92.88005298692448
20.27359157379204,92.8090120333846
20.74109511842104,92.73588097286634
21.2193791684896,92.66063475281838
21.70869231954073,92.5832501050009
22.20928889966348,92.50370563177613
22.72142910168394,92.42198189002336
23.24537911840449,92.33806146698609
23.78141128096158,92.25192904849108
24.32980420037415,92.16357148107952
24.8908429123559,92.07297782502992
25.46481902546715,91.98013939964255
26.0520308726828,91.88504981701422
26.65278366645556,91.78770501077616
27.26738965735485,91.68810325126857
27.89616829636386,91.58624515326599
28.53944640091917,91.48213367387709
29.19755832477912,91.37577409931629
29.87084613180941,91.26717402383613
30.55965977377608,91.15634331812713
31.26435727223833,91.04329408887187
31.98530490463582,90.9280406298452
32.72287739466699,90.81059936385783
33.47745810705754,90.6909887778457
34.24943924682018,90.56922934951632
35.03922206310926,90.44534346840149
35.84721705777623,90.31935535003532
36.67384419873432,90.19129094444096
37.51953313824338,90.06117784109462
38.38472343622832,89.9290451686779
39.26986478874716,89.79492349218768
40.17541726172751,89.65884470710475
41.101851530093,89.5208419321375
42.04964912240384,89.38094940023434
43.01930267113875,89.23920234978686
44.01131616874832,89.09563691564372
45.02620522961289,88.95029002052553
46.06449735804111,88.80319926884283
47.12673222244849,88.65440284131991
48.2134619358584,88.50393939249943
49.32525134287136,88.35184795122304
50.46267831325181,88.19816782414051
51.62633404228481,88.04293850245261
52.816823358059,87.88619957321569
54.03476503583534,87.72799063409947
55.28079211966514,87.56835121302726
56.55555225142449,87.40732069154052
57.85970800743622,87.24493823348672
59.19393724285413,87.08124271798482
60.55893344398875,86.91627267693299
61.95540608875759,86.75006623752788
63.38408101544725,86.58266106917891
64.84570079997914,86.41409433500995
66.34102514187481,86.24440264819334
67.87083125912152,86.07362203199594
69.43591429214335,85.90178788474519
71.03708771708776,85.72893494852235
72.67518376864238,85.55509728197953
74.35105387260194,85.38030823666733
76.06556908840994,85.2046004374168
77.81962056190535,85.02800576550379
79.61411998850942,84.8505553456564
81.4500000870935,84.67227953567183
83.32821508477417,84.49320791901712
85.24974121288751,84.31336930007811
87.21557721440047,84.13279170175061
89.22674486302299,83.95150236538178
91.28428949429073,83.76952775293184
93.38928054889442,83.58689355070274
95.54281212853817,83.40362467502921
97.74600356461582,83.21974527958957
100.0000000000007,83.03527876395842
102.3059729842516,82.8502477835906
104.6651210825434,82.66467426082036
107.0786704986403,82.47857939686334
109.547875712234,82.29198368475298
112.0740201309788,82.10490692300802
114.658416757563,81.91736822985189
117.3024088721622,81.72938605812932
120.0073707306297,81.54097821045484
122.7747082787878,81.35216185498992
125.6058598831895,81.16295354117557
128.5022970787318,80.97336921596724
131.4655253335092,80.78342423995173
134.4970848313033,80.59313340369894
137.5985512721182,80.40251094404168
140.7715366911738,80.2115705603717
144.017690296787,80.02032543077055
147.338699327573,79.82878822809963
150.7362899294134,79.63697113589811
154.2122280526478,79.44488586404606
157.7683203699531,79.25254366426947
161.4064152153906,79.05995534535188
165.1284035451052,78.86713128807597
168.9362199201801,78.67408145992529
172.8318435121541,78.48081542942053
176.8172991317271,78.28734238016446
180.8946582811867,78.09367112459125
185.0660402311038,77.89981011732065
189.3336131218559,77.70576746822989
193.699595090552,77.51155095511342
198.1662554239434,77.31716803606899
202.7359157379211,77.12262586148944
207.4109511842111,76.92793128567483
212.1937916848968,76.73309087817556
217.086923195408,76.53811093472217
222.0928889966356,76.34299748783128
227.2142910168402,76.14775631707064
232.4537911840457,75.95239295899481
237.8141128096167,75.75691271673981
243.2980420037423,75.56132066929048
248.9084291235599,75.36562168045565
254.6481902546724,75.16982040748219
260.5203087268289,74.97392130941192
266.5278366645565,74.77792865510749
272.6738965735494,74.58184653100746
278.9616829636396,74.38567884858452
285.3944640091926,74.18942935152687
291.9755832477921,73.99310162267513
298.7084613180951,73.79669909064557
305.5965977377618,73.6002250362674
312.6435727223844,73.40368259872194
319.8530490463592,73.20707478146917
327.2287739466709,73.01040445793515
334.7745810705765,72.81367437697446
342.4943924682029,72.61688716813207
350.3922206310938,72.42004534667419
358.4721705777634,72.22315131843651
366.7384419873443,72.02620738446966
375.195331382435,71.82921574549741
383.8472343622844,71.63217850619668
392.6986478874728,71.43509767930473
401.7541726172764,71.23797518955213
411.0185153009313,71.04081287743783
420.4964912240398,70.84361250285333
430.1930267113889,70.64637574854645
440.1131616874846,70.44910422345188
450.2620522961303,70.25179946587782
460.6449735804126,70.05446294655516
471.2673222244864,69.85709607156952
482.1346193585855,69.65970018516066
493.2525134287152,69.46227657240857
504.6267831325197,69.26482646180453
516.2633404228498,69.06735102771181
528.1682335805917,68.86985139272552
540.3476503583552,68.6723286299308
552.8079211966532,68.47478376505885
565.5555225142468,68.27721777856131
578.5970800743642,68.07963160758769
591.9393724285433,67.88202614788028
605.5893344398895,67.68440225558892
619.554060887578,67.48676074900487
633.8408101544746,67.28910241022346
648.4570079997936,67.09142798673176
663.4102514187502,66.89373819292938
678.7083125912174,66.69603371158259
694.3591429214357,66.49831519521635
710.3708771708798,66.30058326744282
726.7518376864261,66.10283852423856
743.5105387260218,65.90508153515765
760.6556908841019,65.70731284449941
778.1962056190559,65.5095329724208
796.1411998850966,65.31174241600158
814.5000008709376,65.11394165026348
833.2821508477444,64.91613112914405
852.497412128878,64.71831128642665
872.1557721440076,64.52048253663322
892.2674486302329,64.32264527587387
912.8428949429106,64.12479988266202
933.8928054889475,63.9269467186928
955.428121285385,63.72908612958611
977.4600356461616,63.53121844559957
1000.000000000011,63.33334398230733
1023.05972984252,63.13546304125041
1046.651210825438,62.93757591055885
1070.786704986407,62.73968286554516
1095.478757122344,62.54178416927239
1120.740201309792,62.3438800730969
1146.584167575635,62.14597081718695
1173.024088721626,61.94805663101894
1200.073707306302,61.75013773385147
1227.747082787883,61.55221433517768
1256.0585988319,61.35428663515875
1285.022970787323,61.15635482503727
1314.655253335097,60.95841908753322
1344.970848313039,60.76047959722132
1375.985512721187,60.56253652089241
1407.715366911743,60.36459001789878
1440.176902967876,60.16664024048349
1473.386993275736,59.96868733409585
1507.36289929414,59.77073143769235
1542.122280526484,59.5727726840251
1577.683203699538,59.37481119991578
1614.064152153913,59.17684710651883
1651.284035451059,58.97888051957275
1689.362199201808,58.78091154963958
1728.318435121548,58.58294030233412
1768.172991317278,58.3849668785428
1808.946582811875,58.18699137463327
1850.660402311046,57.98901388265349
1893.336131218567,57.79103449052307
1936.995950905528,57.59305328221583
1981.662554239442,57.39507033793335
2027.359157379219,57.19708573427168
2074.10951184212,56.99909954438033
2121.937916848977,56.80111183811397
2170.86923195409,56.60312268217747
2220.928889966365,56.40513214026389
2272.142910168412,56.20714027318746
2324.537911840467,56.0091471390089
2378.141128096177,55.8111527931565
2432.980420037434,55.61315728854139
2489.08429123561,55.41516067566671
2546.481902546735,55.21716300273294
2605.2030872683,55.01916431573784
2665.278366645577,54.82116465857194
2726.738965735506,54.62316407311
2789.616829636408,54.42516259929717
2853.944640091939,54.22716027523298
2919.755832477935,54.02915713724968
2987.084613180965,53.83115321998811
3055.965977377632,53.63314855646958
3126.435727223858,53.43514317816437
3198.530490463607,53.2371371150568
3272.287739466724,53.03913039570848
3347.74581070578,52.84112304731671
3424.943924682045,52.64311509577119
3503.922206310954,52.44510656570822
3584.721705777652,52.24709748056136
3667.384419873461,52.04908786261052
3751.953313824368,51.85107773302784
3838.472343622863,51.65306711192224
3926.986478874747,51.45505601838068
4017.541726172783,51.25704447050821
4110.185153009333,51.05903248546517
4204.964912240418,50.86102007950335
4301.93026711391,50.66300726799945
4401.131616874868,50.46499406548694
4502.620522961325,50.26698048568669
4606.449735804148,50.06896654153502
4712.673222244887,49.87095224521092
4821.346193585879,49.67293760816113
4932.525134287176,49.47492264112397
5046.267831325222,49.27690735415197
5162.633404228523,49.07889175663228
5281.682335805944,48.88087585730639
5403.476503583578,48.68285966428858
5528.079211966558,48.48484318508231
5655.555225142495,48.28682642659611
5785.970800743669,48.0888093951578
5919.393724285462,47.89079209652779
6055.893344398925,47.69277453591093
6195.54060887581,47.49475671796723
6338.408101544777,47.29673864682206
6484.570079997968,47.09872032607406
6634.102514187535,46.90070175880285
6787.083125912207,46.70268294757563
6943.591429214391,46.50466389445255
7103.708771708833,46.30664460099035
7267.518376864296,46.10862506824668
7435.105387260253,45.91060529678103
7606.556908841055,45.71258528665713
7781.962056190597,45.51456503744202
7961.411998851005,45.31654454820607
8145.000008709415,45.11852381752036
8332.821508477484,44.92050284345397
8524.97412128882,44.72248162356998
8721.557721440118,44.52446015492036
8922.674486302372,44.32643843404007
9128.42894942915,44.12841645693938
9338.92805488952,43.93039421909592
9554.281212853897,43.73237171544532
9774.600356461664,43.53434894037038
10000.00000000016,43.33632588768989
10230.59729842525,43.13830255064528
10466.51210825443,42.94027892188663
10707.86704986412,42.7422549934579
10954.78757122349,42.54423075677973
11207.40201309798,42.34620620263203
11465.8416757564,42.14818132113491
11730.24088721632,41.95015610172742
12000.73707306308,41.75213053314661
12277.47082787889,41.55410460340342
12560.58598831906,41.35607829975802
12850.22970787329,41.15805160869322
13146.55253335103,40.96002451588653
13449.70848313045,40.76199700618028
13759.85512721193,40.56396906355023
14077.1536691175,40.36594067107208
14401.76902967883,40.1679118108865
14733.86993275743,39.96988246416203
15073.62899294147,39.77185261105566
15421.22280526491,39.57382223067199
15776.83203699545,39.3757913010196
16140.6415215392,39.17775979896534
16512.84035451067,38.97972770018625
16893.62199201816,38.78169497911935
17283.18435121556,38.583661608908
17681.72991317287,38.38562756134672
18089.46582811883,38.18759280682202
18506.60402311055,37.98955731425132
18933.36131218576,37.79152105101808
19369.95950905537,37.59348398290421
19816.62554239451,37.39544607401935
20273.59157379229,37.19740728672537
20741.0951184213,36.99936758155938
21219.37916848987,36.80132691715097
21708.692319541,36.60328525013656
22209.28889966376,36.40524253506952
22721.42910168423,36.20719872432558
23245.37911840478,36.00915376800407
23781.41128096188,35.81110761382441
24329.80420037445,35.61306020701756
24890.84291235621,35.41501149021214
25464.81902546747,35.21696140331579
26052.03087268312,35.01890988339002
26652.78366645589,34.82085686452011
27267.38965735518,34.6228022776777
27896.16829636421,34.42474605057838
28539.44640091952,34.22668810753119
29197.55832477947,34.02862836928185
29870.84613180978,33.8305667528483
30559.65977377645,33.63250317134889
31264.35727223871,33.43443753382194
31985.30490463621,33.23636974503739
32722.87739466738,33.03829970529942
33477.45810705794,32.84022731023973
34249.4392468206,32.64215245060137
35039.22206310969,32.44407501201258
35847.21705777667,32.24599487474949
36673.84419873476,32.04791191348856
37519.53313824384,31.84982599704693
38384.72343622879,31.65173698811084
39269.86478874764,31.45364474295159
40175.417261728,31.25554911112804
41101.8515300935,31.05744993517531
42049.64912240436,30.85934705027927
43019.30267113928,30.66124028393568
44011.31616874886,30.4631294555935
45026.20522961344,30.26501437628192
46064.49735804168,30.06689484821995
47126.73222244907,29.86877066440777
48213.46193585899,29.6706416081995
49325.25134287197,29.47250745285585
50462.67831325243,29.27436796107638
51626.33404228545,29.07622288451026
52816.82335805965,28.87807196324376
54034.765035836,28.67991492526493
55280.79211966581,28.48175148590301
56555.55225142519,28.28358134724248
57859.70800743693,28.08540419750944
59193.93724285486,27.88721971043068
60558.9334439895,27.68902754456235
61955.40608875836,27.49082734258831
63384.08101544804,27.2926187305863
64845.70079997995,27.09440131726028
66341.02514187564,26.89617469313738
67870.83125912237,26.69793842972851
69435.91429214421,26.49969207865025
71037.08771708864,26.3014351707067
72675.18376864328,26.10316721492956
74351.05387260286,25.90488769757393
76065.56908841089,25.70659608106915
77819.62056190633,25.50829180292089
79614.11998851041,25.30997427456429
81450.00008709452,25.11164288016458
83328.21508477522,24.91329697536303
85249.74121288859,24.71493588596678
87215.57721440158,24.5165589065789
89226.74486302413,24.31816529916689
91284.28949429191,24.11975429156661
93389.28054889562,23.92132507591879
95542.8121285394,23.72287680703526
97746.00356461707,23.52440860069239
100000.000000002,23.32591953184748
102305.9729842529,23.12740863277608
104665.1210825448,22.92887489112597
107078.6704986417,22.73031724788476
109547.8757122354,22.53173459525733
112074.0201309803,22.33312577444932
114658.4167575645,22.13448957335273
117302.4088721637,21.93582472412987
120007.3707306313,21.73712990069106
122774.7082787894,21.53840371606211
125605.8598831911,21.33964471963687
128502.2970787335,21.14085139431048
131465.5253335109,20.94202215348835
134497.0848313051,20.74315533796609
137598.5512721199,20.54424921267525
140771.5366911756,20.34530196328996
144017.6902967889,20.14631169268861
147338.6993275749,19.94727641726567
150736.2899294154,19.74819406308753
154212.2280526498,19.54906246188709
157768.3203699552,19.34987934689077
161406.4152153927,19.15064234847224
165128.4035451074,18.95134898962657
168936.2199201823,18.75199668125878
172831.8435121564,18.55258271728011
176817.2991317294,18.35310426950602
180894.6582811891,18.15355838234902
185066.0402311062,17.95394196730043
189333.6131218584,17.75425179719345
193699.5950905545,17.55448450024213
198166.255423946,17.35463655384885
202735.9157379237,17.15470427817417
207410.9511842138,16.95468382946238
212193.7916848995,16.75457119311661
217086.9231954108,16.55436217651714
222092.8889966384,16.35405240157681
227214.2910168431,16.15363729702795
232453.7911840487,15.95311209043516
237814.1128096197,15.75247179992896
243298.0420037454,15.55171122565524
248908.4291235631,15.35082494093658
254648.1902546756,15.14980728314164
260520.3087268322,14.94865234425924
266527.8366645598,14.74735396117539
272673.8965735529,14.54590570565116
278961.6829636431,14.34430087400117
285394.4640091963,14.14253247647317
291975.5832477959,13.94059322633028
298708.4613180989,13.73847552863892
305596.5977377658,13.53617146876705
312643.5727223884,13.33367280059864
319853.0490463634,13.13097093447241
327228.7739466752,12.92805692485469
334774.5810705808,12.72492145775846
342494.3924682074,12.52155483792314
350392.2206310984,12.31794697577191
358472.1705777682,12.11408737416687
366738.4419873492,11.90996511498465
375195.33138244,11.70556884553874
383847.2343622895,11.50088676487899
392698.647887478,11.29590661000111
401754.1726172817,11.09061564200504
411018.5153009368,10.8850006322438
420496.4912240453,10.6790478485105
430193.0267113946,10.47274304131534
440113.1616874905,10.26607143031031
450262.0522961363,10.05901769092485
460644.9735804187,9.851565941281669
471267.3222244927,9.643699729468254
482134.6193585919,9.435402021246226
493252.5134287218,9.226655188287555
504626.7831325264,9.017440997033667
516263.3404228567,8.807740598281008
528168.2335805988,8.597534517604036
540347.6503583625,8.386802646734367
552807.9211966606,8.175524236022611
565555.5225142544,7.963677888117376
578597.0800743719,7.751241553003628
591939.3724285512,7.538192524550458
605589.3344398977,7.324507438725906
619554.0608875863,7.110162273643617
633840.8101544832,6.8951323516134
648457.0079998024,6.679392343373616
663410.2514187592,6.462916274689622
678708.3125912265,6.245677535507088
694359.1429214451,6.02764889185318
710370.8771708894,5.808802500681556
726751.837686436,5.589109927858526
743510.5387260319,5.368542169488099
760655.6908841123,5.147069676771887
778196.2056190666,4.924662384596556
796141.1998851076,4.701289744036016
814500.0008709488,4.476920758947524
833282.1508477558,4.251524026831152
852497.4121288896,4.025067784108682
872155.7721440195,3.797519955962596
892267.4486302451,3.56884821085714
912842.8949429229,3.339020019841528
933892.8054889601,3.108002720710663
955428.1212853979,2.875763587070304
977460.0356461747,2.642269902322228
1000000.000000024,2.407489038550377
1023059.729842533,2.171388540250773
1046651.210825452,1.933936212807587
1070786.704986422,1.695100215573521
1095478.757122359,1.45484915936698
1120740.201309807,1.213152208149819
1146584.16757565,0.9699791845995088
1173024.088721642,0.7253006792380197
1200073.707306318,0.4790881627278936
1227747.082787899,0.2313141008935348
1256058.598831916,-0.01804792802556161
1285022.97078734,-0.2690231144331244
1314655.253335114,-0.5216352973376484
1344970.848313056,-0.7759068438539016
1375985.512721205,-1.031858528922356
1407715.366911762,-1.289509415961919
1440176.902967895,-1.548876739202166
1473386.993275755,-1.809975788467527
1507362.89929416,-2.072819797204179
1542122.280526504,-2.337419834552372
1577683.203699558,-2.603784702270342
1614064.152153934,-2.871920837311963
1651284.035451081,-3.141832220847367
1689362.19920183,-3.413520294495052
1728318.435121571,-3.6869838845041
1768172.991317301,-3.962219134588337
1808946.582811899,-4.239219448068535
1850660.40231107,-4.517975439926968
1893336.131218592,-4.798474899319848
1936995.950905553,-5.080702763029096
1981662.554239468,-5.364641100266111
2027359.157379246,-5.650269109168168
2074109.511842147,-5.937563125253231
2121937.916849004,-6.226496642023315
2170869.231954118,-6.517040343830481
2220928.889966394,-6.809162151044916
2272142.910168441,-7.102827277491805
2324537.911840497,-7.397998300054428
2378141.128096208,-7.694635240275708
2432980.420037465,-7.992695657729994
2489084.291235642,-8.29213475488233
2546481.902546768,-8.592905493103647
2605203.087268334,-8.894958719467882
2665278.366645611,-9.198243303921338
2726738.965735541,-9.50270628638477
2789616.829636444,-9.808293033325473
2853944.640091976,-10.11494740331891
2919755.832477972,-10.42261192110678
2987084.613181003,-10.73122795965066
3055965.977377671,-11.04073592967556
3126435.727223898,-11.35107547619631
3198530.490463648,-11.66218568151998
3272287.739466767,-11.97400527421792
3347745.810705824,-12.28647284356219
3424943.92468209,-12.59952705892043
3503922.206311,-12.91310689360015
3584721.705777698,-13.22715185262785
3667384.419873509,-13.54160220393857
3751953.313824417,-13.85639921243661
3838472.343622913,-14.17148537636908
3926986.478874798,-14.48680466542814
4017541.726172835,-14.8023027599669
4110185.153009386,-15.11792729067633
4204964.912240472,-15.43362807802744
4301930.267113965,-15.74935737073376
4401131.616874924,-16.0650700824343
4502620.522961383,-16.38072402573804
4606449.735804207,-16.69628014270734
4712673.222244947,-17.01170273079044
4821346.19358594,-17.32695966314454
4932525.134287239,-17.64202260222088
5046267.831325286,-17.95686720541327
5162633.404228589,-18.27147332150411
5281682.33580601,-18.58582517657732
5403476.503583646,-18.89991154800877
5528079.211966628,-19.21372592509257
5655555.225142566,-19.52726665481862
5785970.800743742,-19.84053707128476
5919393.724285536,-20.15354560720793
6055893.344399001,-20.46630588599492
6195540.608875887,-20.77883679284652
6338408.101544857,-21.09116252340215
6484570.079998049,-21.40331260848595
6634102.514187618,-21.7153219135935
6787083.125912292,-22.02723061186017
6943591.429214478,-22.33908412938329
7103708.771708922,-22.65093306192668
7267518.376864389,-22.96283306222352
7435105.387260348,-23.27484469730976
7606556.908841152,-23.58703327556555
7781962.056190696,-23.8994686434169
7961411.998851106,-24.21222495195064
8145000.008709518,-24.52538039402292
8332821.50847759,-24.83901691278783
8524974.121288927,-25.15321988293952
8721557.721440228,-25.46807776633624
8922674.486302484,-25.78368174405984
9128428.949429262,-26.10012532734278
9338928.054889636,-26.41750395016846
9554281.212854015,-26.73591454670259
9774600.356461784,-27.05545511703913
10000000.00000028,-27.37622428503098
10230597.29842537,-27.69832085221836
10466512.10825456,-28.02184335205079
10707867.04986426,-28.3468896087205
10954787.57122363,-28.67355630497119
11207402.01309811,-29.00193856322272
11465841.67575654,-29.33212954423506
11730240.88721646,-29.66422006734943
12000737.07306322,-29.99829825606653
12277470.82787904,-30.334449212368
12560585.98831921,-30.67275472276188
12850229.70787345,-31.01329299854165
13146552.53335119,-31.35613845220056
13449708.48313062,-31.70136151135495
13759855.1272121,-32.04902847091211
14077153.66911767,-32.39920138358877
14401769.029679,-32.75193798825087
14733869.93275761,-33.10729167493538
15073628.99294166,-33.46531148482943
15421222.8052651,-33.82604214293976
15776832.03699564,-34.18952412070514
16140641.5215394,-34.55579372537987
16512840.35451087,-34.92488321267598
16893621.99201836,-35.29682091887813
17283184.35121577,-35.6716314084586
17681729.91317308,-36.04933563311603
18089465.82811905,-36.42995109813248
18506604.02311077,-36.81349203199055
18933361.31218598,-37.19996955531516
19369959.5090556,-37.58939184538902
19816625.54239475,-37.98176429273017
20273591.57379253,-38.37708964651686
20741095.11842154,-38.77536814597322
21219379.16849012,-39.17659763521399
21708692.31954126,-39.58077365942519
22209288.89966402,-39.98788954070825
22721429.1016845,-40.39793643233527
23245379.11840505,-40.81090335064219
23781411.28096216,-41.22677718425381
24329804.20037473,-41.64554268082562
24890842.91235651,-42.0671824120068
25464819.02546777,-42.49167671784092
26052030.87268343,-42.91900363239328
26652783.6664562,-43.34913879295583
27267389.65735551,-43.78205533582789
27896168.29636454,-44.21772378231198
28539446.40091986,-44.65611191931193
29197558.32477982,-45.0971846796826
29870846.13181013,-45.54090402836752
30559659.77377682,-45.98722886128854
31264357.27223909,-46.43611492501108
31985304.90463659,-46.88751476632864
32722877.39466778,-47.34137772218954
33477458.10705835,-47.79764996171323
34249439.24682102,-48.25627459353804
35039222.06311012,-48.71719185326845
35847217.05777711,-49.18033938745042
36673844.19873521,-49.64565265212669
37519533.1382443,-50.11306544575366
38384723.43622927,-50.58251059777788
39269864.78874812,-51.05392083567158
40175417.2617285,-51.52722985432023
41101851.53009401,-52.00237361243333
42049649.12240488,-52.47929188072014
43019302.67113981,-52.95793006589989
44011316.16874941,-53.43824133277472
45026205.229614,-53.9201890433527
46064497.35804224,-54.40374952704055
47126732.22244965,-54.88891518872816
48213461.93585958,-55.37569795189132
49325251.34287257,-55.86413302106581
50462678.31325305,-56.35428293196283
51626334.04228608,-56.84624183761598
52816823.3580603,-57.34013995518937
54034765.03583667,-57.83614807034824
55280792.11966649,-58.33448196468753
56555552.25142588,-58.83540659743048
57859708.00743764,-59.33923983629213
59193937.24285558,-59.84635549653808
60558933.44399024,-60.35718541366571
61955406.08875911,-60.87222024796188
63384081.01544881,-61.39200870220512
64845700.79998074,-61.91715483217252
66341025.14187644,-62.44831314847185
67870831.25912318,-62.98618125289685
69435914.29214504,-63.53148982669067
71037087.71708949,-64.08498989412308
72675183.76864415,-64.64743742147292
74351053.87260376,-65.21957547320797
76065569.08841181,-65.80211432391241
77819620.56190726,-66.39571010074752
79614119.98851137,-67.00094268809939
81450000.0870955,-67.61829374259041
83328215.08477622,-68.24812572383389
85249741.21288961,-68.89066282997752
87215577.21440262,-69.54597463316837
89226744.86302519,-70.21396304442341
91284289.49429299,-70.89435301919403
93389280.54889673,-71.58668717230478
95542812.12854053,-72.29032423792545
97746003.56461823,-73.00444112137325
100000000.0000032,-73.72803817192455
102305972.9842541,-74.45994727772057
104665121.082546,-75.19884244838389
107078670.498643,-75.94325269528858
109547875.7122367,-76.69157722000131
112074020.1309816,-77.44210314031635
114658416.7575659,-78.19302617490476
117302408.8721651,-78.94247482574461
120007370.7306327,-79.68853859340128
122774708.2787909,-80.42930059622287
125605859.8831926,-81.16287462138992
128502297.078735,-81.88744611647158
131465525.3335124,-82.60131598125835
134497084.8313067,-83.30294531605269
137598551.2721216,-83.99099864874854
140771536.6911773,-84.66438272589357
144017690.2967906,-85.32227784348171
147338699.3275767,-85.96415898952053
150736289.9294172,-86.58980478231676
154212228.0526516,-87.19929323616101
157768320.3699571,-87.79298461032238
161406415.2153946,-88.37149280520136
165128403.5451094,-88.93564775873736
168936219.9201844,-89.48645192675677
172831843.5121585,-90.02503413952152
176817299.1317315,-90.55260393685811
180894658.2811913,-91.07040898365157
185066040.2311085,-91.57969747914518
189333613.1218607,-92.08168673676441
193699595.0905568,-92.57753841628919
198166255.4239483,-93.06834031930151
202735915.7379262,-93.55509424003722
207410951.1842163,-94.03870909775338
212193791.6849021,-94.51999844621895
217086923.1954135,-94.99968143608804
222092888.9966411,-95.4783863529657
227214291.0168459,-95.95665595211756
232453791.1840515,-96.43495393427196
237814112.8096226,-96.91367202453097
243298042.0037484,-97.39313724341274
248908429.1235662,-97.87361905846117
254648190.2546788,-98.3553362036747
260520308.7268354,-98.83846301992699
266527836.6645631,-99.32313523605458
272673896.5735562,-99.80945515720991
278961682.9636466,-100.2974962479616
285394464.0091998,-100.7873071412894
291975583.2477995,-101.2789150990743
298708461.3181027,-101.7723289837175
305596597.7377695,-102.2675417733696
312643572.7223923,-102.7645326932458
319853049.0463673,-103.2632689924994
327228773.9466792,-103.7637074359844
334774581.0705849,-104.2657955330662
342494392.4682116,-104.7694725568725
350392220.6311027,-105.2746703877794
358472170.5777726,-105.7813141975731
366738441.9873536,-106.2893230148448
375195331.3824445,-106.7986101788622
383847234.3622941,-107.3090837155941
392698647.8874827,-107.8206466353217
401754172.6172864,-108.3331971643756
411018515.3009416,-108.8466289400401
420496491.2240503,-109.3608311498963
430193026.7113997,-109.8756886467189
440113161.6874957,-110.3910820272476
450262052.2961417,-110.9068876956214
460644973.5804242,-111.4229779054703
471267322.2244983,-111.9392207924583
482134619.3585976,-112.4554803982499
493252513.4287276,-112.971616688853
504626783.1325324,-113.4874855906777
516263340.4228628,-114.0029390076184
528168233.580605,-114.5178248784963
540347650.3583688,-115.0319872269882
552807921.1966671,-115.5452662509657
565555522.514261,-116.0574984245522
578597080.0743786,-116.5685166325942
591939372.4285581,-117.0781503467664
605589334.4399047,-117.5862258298543
619554060.8875935,-118.0925663818841
633840810.1544906,-118.5969926352563
648457007.9998099,-119.0993228973283
663410251.4187669,-119.5993735336904
678708312.5912343,-120.0969594093891
694359142.9214531,-120.5918943823752
710370877.1708976,-121.083991833174
726751837.6864444,-121.5730652731121
743510538.7260405,-122.0589289692864
760655690.8841209,-122.5413986361918
778196205.6190755,-123.0202921669852
796141199.8851167,-123.4954303800485
814500000.8709581,-123.9666378297454
833282150.8477654,-124.433743603708
852497412.1288995,-124.8965821833797
872155772.1440296,-125.3549942469034
892267448.6302555,-125.8088274937136
912842894.9429336,-126.2579375286796
933892805.4889711,-126.7021885490758
955428121.2854092,-127.1414541886366
977460035.6461862,-127.5756181606275
1000000000.000036,-128.0045749435425
1023059729.842546,-128.4282303069194
1046651210.825464,-128.8465018994942
1070786704.986434,-129.259319502787
1095478757.122371,-129.666625519959
1120740201.30982,-130.0683750725651
1146584167.575664,-130.4645361680549
1173024088.721656,-130.8550896930215
1200073707.306332,-131.2400292830742
1227747082.787914,-131.61936121367
1256058598.831931,-131.99310408273
1285022970.787356,-132.3612882968242
1314655253.33513,-132.7239557842503
1344970848.313073,-133.0811593482494
1375985512.721222,-133.4329621233137
1407715366.911779,-133.7794367600902
1440176902.967912,-134.1206648623387
1473386993.275773,-134.4567362054856
1507362899.294178,-134.7877478612117
1542122280.526523,-135.1138035517048
1577683203.699578,-135.4350127564173
1614064152.153953,-135.7514899291753
1651284035.451101,-136.0633538132852
1689362199.201851,-136.3707266113718
1728318435.121592,-136.67373318704
1768172991.317323,-136.9725006043406
1808946582.811921,-137.2671572492078
1850660402.311093,-137.5578323513856
1893336131.218615,-137.8446553386526
1936995950.905576,-138.1277554545845
1981662554.239492,-138.4072610207862
2027359157.37927,-138.6832993060355
2074109511.842172,-138.9559959454812
2121937916.84903,-139.2254747658867
2170869231.954144,-139.4918572940248
2220928889.966421,-139.7552626449075
2272142910.168469,-140.0158072927207
2324537911.840525,-140.273604868553
2378141128.096237,-140.5287659974637
2432980420.037495,-140.7813982758473
2489084291.235672,-141.0316059645453
2546481902.546799,-141.2794902302401
2605203087.268366,-141.5251489784904
2665278366.645644,-141.7686766190467
2726738965.735575,-142.010164488878
2789616829.636478,-142.2497006227023
2853944640.092011,-142.487369687606
2919755832.478008,-142.7232532059072
2987084613.18104,-142.9574296134513
3055965977.377709,-143.1899741904829
3126435727.223937,-143.4209592986359
3198530490.463687,-143.6504542519357
3272287739.466806,-143.8785255484263
3347745810.705864,-144.1052369030262
3424943924.682131,-144.3306494813359
3503922206.311042,-144.5548216528395
3584721705.777741,-144.7778092462504
3667384419.873553,-144.999665975274
3751953313.824462,-145.2204428082233
3838472343.622959,-145.4401887867733
3926986478.874845,-145.6589506511017
4017541726.172883,-145.8767729854162
4110185153.009435,-146.0936985618292
4204964912.240522,-146.3097681104238
4301930267.114017,-146.5250206350475
4401131616.874976,-146.7394932746406
4502620522.961436,-146.9532214952869
4606449735.804262,-147.1662391565571
4712673222.245004,-147.378578731802
4821346193.585998,-147.5902709336521
4932525134.287298,-147.8013453348972
5046267831.325347,-148.0118300149009
5162633404.228651,-148.221751860481
5281682335.806074,-148.4311363935538
5403476503.583712,-148.6400080105134
5528079211.966695,-148.8483901881729
5655555225.142634,-149.0563050895488
5785970800.743812,-149.2637739787154
5919393724.285607,-149.4708169982967
6055893344.399075,-149.6774535581798
6195540608.875963,-149.8837022207845
6338408101.544934,-150.0895804072666
6484570079.998128,-150.2951048741541
6634102514.187699,-150.5002918014179
6787083125.912374,-150.7051565222078
6943591429.214562,-150.9097133646424
7103708771.709008,-151.1139765190734
7267518376.864476,-151.3179590630856
7435105387.260438,-151.5216738605271
7606556908.841244,-151.7251329478496
7781962056.19079,-151.9283477405662
7961411998.851202,-152.1313295395377
8145000008.709617,-152.334088639766
8332821508.477691,-152.5366351099886
8524974121.289031,-152.7389786400388
8721557721.440332,-152.9411283207843
8922674486.302591,-153.1430928836141
9128428949.429373,-153.3448806215222
9338928054.88975,-153.5464995901598
9554281212.854132,-153.7479572785852
9774600356.461903,-153.9492610489236
10000000000,-154.1504177737101
